Zip,Municipality,Email,Phone
02474,Arlington,MBTAYouthPass@town.arlington.ma.us,781-316-3255
02476,Arlington,MBTAYouthPass@town.arlington.ma.us,781-316-3255
02108,Boston,MBTAYouthPass@boston.gov,617-635-4202 ext.2240
02109,Boston,MBTAYouthPass@boston.gov,617-635-4202 ext.2240
02110,Boston,MBTAYouthPass@boston.gov,617-635-4202 ext.2240
02111,Boston,MBTAYouthPass@boston.gov,617-635-4202 ext.2240
02112,Boston,MBTAYouthPass@boston.gov,617-635-4202 ext.2240
02113,Boston,MBTAYouthPass@boston.gov,617-635-4202 ext.2240
02114,Boston,MBTAYouthPass@boston.gov,617-635-4202 ext.2240
02115,Boston,MBTAYouthPass@boston.gov,617-635-4202 ext.2240
02116,Boston,MBTAYouthPass@boston.gov,617-635-4202 ext.2240
02117,Boston,MBTAYouthPass@boston.gov,617-635-4202 ext.2240
02118,Boston,MBTAYouthPass@boston.gov,617-635-4202 ext.2240
02119,Boston,MBTAYouthPass@boston.gov,617-635-4202 ext.2240
02122,Boston,MBTAYouthPass@boston.gov,617-635-4202 ext.2240
02123,Boston,MBTAYouthPass@boston.gov,617-635-4202 ext.2240
02126,Boston,MBTAYouthPass@boston.gov,617-635-4202 ext.2240
02127,Boston,MBTAYouthPass@boston.gov,617-635-4202 ext.2240
02128,Boston,MBTAYouthPass@boston.gov,617-635-4202 ext.2240
02129,Boston,MBTAYouthPass@boston.gov,617-635-4202 ext.2240
02130,Boston,MBTAYouthPass@boston.gov,617-635-4202 ext.2240
02131,Boston,MBTAYouthPass@boston.gov,617-635-4202 ext.2240
02132,Boston,MBTAYouthPass@boston.gov,617-635-4202 ext.2240
02133,Boston,MBTAYouthPass@boston.gov,617-635-4202 ext.2240
02134,Boston,MBTAYouthPass@boston.gov,617-635-4202 ext.2240
02135,Boston,MBTAYouthPass@boston.gov,617-635-4202 ext.2240
02163,Boston,MBTAYouthPass@boston.gov,617-635-4202 ext.2240
02196,Boston,MBTAYouthPass@boston.gov,617-635-4202 ext.2240
02199,Boston,MBTAYouthPass@boston.gov,617-635-4202 ext.2240
02201,Boston,MBTAYouthPass@boston.gov,617-635-4202 ext.2240
02203,Boston,MBTAYouthPass@boston.gov,617-635-4202 ext.2240
02204,Boston,MBTAYouthPass@boston.gov,617-635-4202 ext.2240
02205,Boston,MBTAYouthPass@boston.gov,617-635-4202 ext.2240
02206,Boston,MBTAYouthPass@boston.gov,617-635-4202 ext.2240
02207,Boston,MBTAYouthPass@boston.gov,617-635-4202 ext.2240
02210,Boston,MBTAYouthPass@boston.gov,617-635-4202 ext.2240
02211,Boston,MBTAYouthPass@boston.gov,617-635-4202 ext.2240
02212,Boston,MBTAYouthPass@boston.gov,617-635-4202 ext.2240
02215,Boston,MBTAYouthPass@boston.gov,617-635-4202 ext.2240
02216,Boston,MBTAYouthPass@boston.gov,617-635-4202 ext.2240
02217,Boston,MBTAYouthPass@boston.gov,617-635-4202 ext.2240
02222,Boston,MBTAYouthPass@boston.gov,617-635-4202 ext.2240
02228,Boston,MBTAYouthPass@boston.gov,617-635-4202 ext.2240
02241,Boston,MBTAYouthPass@boston.gov,617-635-4202 ext.2240
02266,Boston,MBTAYouthPass@boston.gov,617-635-4202 ext.2240
02283,Boston,MBTAYouthPass@boston.gov,617-635-4202 ext.2240
02284,Boston,MBTAYouthPass@boston.gov,617-635-4202 ext.2240
02293,Boston,MBTAYouthPass@boston.gov,617-635-4202 ext.2240
02295,Boston,MBTAYouthPass@boston.gov,617-635-4202 ext.2240
02297,Boston,MBTAYouthPass@boston.gov,617-635-4202 ext.2240
02298,Boston,MBTAYouthPass@boston.gov,617-635-4202 ext.2240
02445,Brookline,mbtayouthpass@brooklinema.gov,617-730-2177
02446,Brookline,mbtayouthpass@brooklinema.gov,617-730-2177
02138,Cambridge,tpass@cambridgema.gov,617-349-6234
02139,Cambridge,tpass@cambridgema.gov,617-349-6234
02140,Cambridge,tpass@cambridgema.gov,617-349-6234
02141,Cambridge,tpass@cambridgema.gov,617-349-6234
02142,Cambridge,tpass@cambridgema.gov,617-349-6234
02238,Cambridge,tpass@cambridgema.gov,617-349-6234
02239,Cambridge,tpass@cambridgema.gov,617-349-6234
02150,Chelsea,youthpass@greenrootschelsea.org,617-466-3076 ext. 6
02149,Everett,margaret.cornelio@ci.everett.ma.us,617-394-2323
02420,Lexington,transportation@lexingtonma.gov,781-698-4840 
02421,Lexington,transportation@lexingtonma.gov,781-698-4840 
02148,Malden,esavino@cityofmalden.org,"781-397-7000, ext. 6"
02153,Medford,collector@medford-ma.gov,781-393-2550
02155,Medford,collector@medford-ma.gov,781-393-2550
01833,North Shore,youthpass@northshore.edu,978-762-4189
01834,North Shore,youthpass@northshore.edu,978-762-4189
01860,North Shore,youthpass@northshore.edu,978-762-4189
01901,North Shore,youthpass@northshore.edu,978-762-4189
01902,North Shore,youthpass@northshore.edu,978-762-4189
01903,North Shore,youthpass@northshore.edu,978-762-4189
01904,North Shore,youthpass@northshore.edu,978-762-4189
01905,North Shore,youthpass@northshore.edu,978-762-4189
01906,North Shore,youthpass@northshore.edu,978-762-4189
01907,North Shore,youthpass@northshore.edu,978-762-4189
01908,North Shore,youthpass@northshore.edu,978-762-4189
01910,North Shore,youthpass@northshore.edu,978-762-4189
01915,North Shore,youthpass@northshore.edu,978-762-4189
01921,North Shore,youthpass@northshore.edu,978-762-4189
01922,North Shore,youthpass@northshore.edu,978-762-4189
01923,North Shore,youthpass@northshore.edu,978-762-4189
01929,North Shore,youthpass@northshore.edu,978-762-4189
01930,North Shore,youthpass@northshore.edu,978-762-4189
01931,North Shore,youthpass@northshore.edu,978-762-4189
01936,North Shore,youthpass@northshore.edu,978-762-4189
01938,North Shore,youthpass@northshore.edu,978-762-4189
01940,North Shore,youthpass@northshore.edu,978-762-4189
01944,North Shore,youthpass@northshore.edu,978-762-4189
01945,North Shore,youthpass@northshore.edu,978-762-4189
01949,North Shore,youthpass@northshore.edu,978-762-4189
01950,North Shore,youthpass@northshore.edu,978-762-4189
01951,North Shore,youthpass@northshore.edu,978-762-4189
01952,North Shore,youthpass@northshore.edu,978-762-4189
01960,North Shore,youthpass@northshore.edu,978-762-4189
01961,North Shore,youthpass@northshore.edu,978-762-4189
01966,North Shore,youthpass@northshore.edu,978-762-4189
01969,North Shore,youthpass@northshore.edu,978-762-4189
01970,North Shore,youthpass@northshore.edu,978-762-4189
01971,North Shore,youthpass@northshore.edu,978-762-4189
01983,North Shore,youthpass@northshore.edu,978-762-4189
01984,North Shore,youthpass@northshore.edu,978-762-4189
01985,North Shore,youthpass@northshore.edu,978-762-4189
02169,Quincy,frontdesk@quincyasianresources.org,617-472-2200
02170,Quincy,frontdesk@quincyasianresources.org,617-472-2200
02171,Quincy,frontdesk@quincyasianresources.org,617-472-2200
02269,Quincy,frontdesk@quincyasianresources.org,617-472-2200
02151,Revere,revereyouthpass@gmail.com,781-286-8380 ext. 3
02143,Somerville,NBacci@somervillema.gov,617-625-6600 ext. 2406
02144,Somerville,NBacci@somervillema.gov,617-625-6600 ext. 2406
02145,Somerville,NBacci@somervillema.gov,617-625-6600 ext. 2406
02471,Watertown,Sophia_Suarez-Friedman@WaysideYouth.org,617-744-9585
02472,Watertown,Sophia_Suarez-Friedman@WaysideYouth.org,617-744-9585
02477,Watertown,Sophia_Suarez-Friedman@WaysideYouth.org,617-744-9585