Zip,Municipality,Group Admin 1,Group Admin 2,Group Admin 3,Group Admin 4,Group Admin 5,Group Admin 6,Group Admin 7,Group Admin 8,Group Admin 9,Group Admin 10,Group Admin 11,Group Admin 12,Group Admin 13,Group Admin 14,Group Admin 15,Group Admin Notification Email
01718,Acton,manager@acton-ma.gov,rmurphy@actonma.gov,,,,,,,,,,,,,,youthpass@acton-ma.gov
01719,Acton,manager@acton-ma.gov,rmurphy@actonma.gov,,,,,,,,,,,,,,youthpass@acton-ma.gov
01720,Acton,manager@acton-ma.gov,rmurphy@actonma.gov,,,,,,,,,,,,,,youthpass@acton-ma.gov
02703,Attleboro,healthoutreach@cityofattleboro.us,,,,,,,,,,,,,,,healthoutreach@cityofattleboro.us
02474,Arlington,sberson@town.arlington.ma.us,KLanteigne@town.arlington.ma.us,nopara@town.arlington.ma.us,,,,,,,,,,,,,MBTAYouthPass@town.arlington.ma.us
02475,Arlington,sberson@town.arlington.ma.us,KLanteigne@town.arlington.ma.us,nopara@town.arlington.ma.us,,,,,,,,,,,,,MBTAYouthPass@town.arlington.ma.us
02476,Arlington,sberson@town.arlington.ma.us,KLanteigne@town.arlington.ma.us,nopara@town.arlington.ma.us,,,,,,,,,,,,,MBTAYouthPass@town.arlington.ma.us
02108,Boston,janai.busby2@boston.gov,samanta.miceus2@boston.gov,hilda.opara@boston.gov,natalia.areces@boston.gov,hannah.oke@boston.gov,Lindsey.Boozer@Boston.Gov,Zamyra.Cromwell@Boston.Gov,Emily.German@Boston.Gov,Marta.Mejia@Boston.Gov,,,,,,,MBTAYouthPass@boston.gov
02109,Boston,janai.busby2@boston.gov,samanta.miceus2@boston.gov,hilda.opara@boston.gov,natalia.areces@boston.gov,hannah.oke@boston.gov,Lindsey.Boozer@Boston.Gov,Zamyra.Cromwell@Boston.Gov,Emily.German@Boston.Gov,Marta.Mejia@Boston.Gov,,,,,,,MBTAYouthPass@boston.gov
02110,Boston,janai.busby2@boston.gov,samanta.miceus2@boston.gov,hilda.opara@boston.gov,natalia.areces@boston.gov,hannah.oke@boston.gov,Lindsey.Boozer@Boston.Gov,Zamyra.Cromwell@Boston.Gov,Emily.German@Boston.Gov,Marta.Mejia@Boston.Gov,,,,,,,MBTAYouthPass@boston.gov
02111,Boston,janai.busby2@boston.gov,samanta.miceus2@boston.gov,hilda.opara@boston.gov,natalia.areces@boston.gov,hannah.oke@boston.gov,Lindsey.Boozer@Boston.Gov,Zamyra.Cromwell@Boston.Gov,Emily.German@Boston.Gov,Marta.Mejia@Boston.Gov,,,,,,,MBTAYouthPass@boston.gov
02112,Boston,janai.busby2@boston.gov,samanta.miceus2@boston.gov,hilda.opara@boston.gov,natalia.areces@boston.gov,hannah.oke@boston.gov,Lindsey.Boozer@Boston.Gov,Zamyra.Cromwell@Boston.Gov,Emily.German@Boston.Gov,Marta.Mejia@Boston.Gov,,,,,,,MBTAYouthPass@boston.gov
02113,Boston,janai.busby2@boston.gov,samanta.miceus2@boston.gov,hilda.opara@boston.gov,natalia.areces@boston.gov,hannah.oke@boston.gov,Lindsey.Boozer@Boston.Gov,Zamyra.Cromwell@Boston.Gov,Emily.German@Boston.Gov,Marta.Mejia@Boston.Gov,,,,,,,MBTAYouthPass@boston.gov
02114,Boston,janai.busby2@boston.gov,samanta.miceus2@boston.gov,hilda.opara@boston.gov,natalia.areces@boston.gov,hannah.oke@boston.gov,Lindsey.Boozer@Boston.Gov,Zamyra.Cromwell@Boston.Gov,Emily.German@Boston.Gov,Marta.Mejia@Boston.Gov,,,,,,,MBTAYouthPass@boston.gov
02115,Boston,janai.busby2@boston.gov,samanta.miceus2@boston.gov,hilda.opara@boston.gov,natalia.areces@boston.gov,hannah.oke@boston.gov,Lindsey.Boozer@Boston.Gov,Zamyra.Cromwell@Boston.Gov,Emily.German@Boston.Gov,Marta.Mejia@Boston.Gov,,,,,,,MBTAYouthPass@boston.gov
02116,Boston,janai.busby2@boston.gov,samanta.miceus2@boston.gov,hilda.opara@boston.gov,natalia.areces@boston.gov,hannah.oke@boston.gov,Lindsey.Boozer@Boston.Gov,Zamyra.Cromwell@Boston.Gov,Emily.German@Boston.Gov,Marta.Mejia@Boston.Gov,,,,,,,MBTAYouthPass@boston.gov
02117,Boston,janai.busby2@boston.gov,samanta.miceus2@boston.gov,hilda.opara@boston.gov,natalia.areces@boston.gov,hannah.oke@boston.gov,Lindsey.Boozer@Boston.Gov,Zamyra.Cromwell@Boston.Gov,Emily.German@Boston.Gov,Marta.Mejia@Boston.Gov,,,,,,,MBTAYouthPass@boston.gov
02118,Boston,janai.busby2@boston.gov,samanta.miceus2@boston.gov,hilda.opara@boston.gov,natalia.areces@boston.gov,hannah.oke@boston.gov,Lindsey.Boozer@Boston.Gov,Zamyra.Cromwell@Boston.Gov,Emily.German@Boston.Gov,Marta.Mejia@Boston.Gov,,,,,,,MBTAYouthPass@boston.gov
02119,Boston,janai.busby2@boston.gov,samanta.miceus2@boston.gov,hilda.opara@boston.gov,natalia.areces@boston.gov,hannah.oke@boston.gov,Lindsey.Boozer@Boston.Gov,Zamyra.Cromwell@Boston.Gov,Emily.German@Boston.Gov,Marta.Mejia@Boston.Gov,,,,,,,MBTAYouthPass@boston.gov
02120,Boston,janai.busby2@boston.gov,samanta.miceus2@boston.gov,hilda.opara@boston.gov,natalia.areces@boston.gov,hannah.oke@boston.gov,Lindsey.Boozer@Boston.Gov,Zamyra.Cromwell@Boston.Gov,Emily.German@Boston.Gov,Marta.Mejia@Boston.Gov,,,,,,,MBTAYouthPass@boston.gov
02121,Boston,janai.busby2@boston.gov,samanta.miceus2@boston.gov,hilda.opara@boston.gov,natalia.areces@boston.gov,hannah.oke@boston.gov,Lindsey.Boozer@Boston.Gov,Zamyra.Cromwell@Boston.Gov,Emily.German@Boston.Gov,Marta.Mejia@Boston.Gov,,,,,,,MBTAYouthPass@boston.gov
02122,Boston,janai.busby2@boston.gov,samanta.miceus2@boston.gov,hilda.opara@boston.gov,natalia.areces@boston.gov,hannah.oke@boston.gov,Lindsey.Boozer@Boston.Gov,Zamyra.Cromwell@Boston.Gov,Emily.German@Boston.Gov,Marta.Mejia@Boston.Gov,,,,,,,MBTAYouthPass@boston.gov
02123,Boston,janai.busby2@boston.gov,samanta.miceus2@boston.gov,hilda.opara@boston.gov,natalia.areces@boston.gov,hannah.oke@boston.gov,Lindsey.Boozer@Boston.Gov,Zamyra.Cromwell@Boston.Gov,Emily.German@Boston.Gov,Marta.Mejia@Boston.Gov,,,,,,,MBTAYouthPass@boston.gov
02124,Boston,janai.busby2@boston.gov,samanta.miceus2@boston.gov,hilda.opara@boston.gov,natalia.areces@boston.gov,hannah.oke@boston.gov,Lindsey.Boozer@Boston.Gov,Zamyra.Cromwell@Boston.Gov,Emily.German@Boston.Gov,Marta.Mejia@Boston.Gov,,,,,,,MBTAYouthPass@boston.gov
02125,Boston,janai.busby2@boston.gov,samanta.miceus2@boston.gov,hilda.opara@boston.gov,natalia.areces@boston.gov,hannah.oke@boston.gov,Lindsey.Boozer@Boston.Gov,Zamyra.Cromwell@Boston.Gov,Emily.German@Boston.Gov,Marta.Mejia@Boston.Gov,,,,,,,MBTAYouthPass@boston.gov
02126,Boston,janai.busby2@boston.gov,samanta.miceus2@boston.gov,hilda.opara@boston.gov,natalia.areces@boston.gov,hannah.oke@boston.gov,Lindsey.Boozer@Boston.Gov,Zamyra.Cromwell@Boston.Gov,Emily.German@Boston.Gov,Marta.Mejia@Boston.Gov,,,,,,,MBTAYouthPass@boston.gov
02127,Boston,janai.busby2@boston.gov,samanta.miceus2@boston.gov,hilda.opara@boston.gov,natalia.areces@boston.gov,hannah.oke@boston.gov,Lindsey.Boozer@Boston.Gov,Zamyra.Cromwell@Boston.Gov,Emily.German@Boston.Gov,Marta.Mejia@Boston.Gov,,,,,,,MBTAYouthPass@boston.gov
02128,Boston,janai.busby2@boston.gov,samanta.miceus2@boston.gov,hilda.opara@boston.gov,natalia.areces@boston.gov,hannah.oke@boston.gov,Lindsey.Boozer@Boston.Gov,Zamyra.Cromwell@Boston.Gov,Emily.German@Boston.Gov,Marta.Mejia@Boston.Gov,,,,,,,MBTAYouthPass@boston.gov
02129,Boston,janai.busby2@boston.gov,samanta.miceus2@boston.gov,hilda.opara@boston.gov,natalia.areces@boston.gov,hannah.oke@boston.gov,Lindsey.Boozer@Boston.Gov,Zamyra.Cromwell@Boston.Gov,Emily.German@Boston.Gov,Marta.Mejia@Boston.Gov,,,,,,,MBTAYouthPass@boston.gov
02130,Boston,janai.busby2@boston.gov,samanta.miceus2@boston.gov,hilda.opara@boston.gov,natalia.areces@boston.gov,hannah.oke@boston.gov,Lindsey.Boozer@Boston.Gov,Zamyra.Cromwell@Boston.Gov,Emily.German@Boston.Gov,Marta.Mejia@Boston.Gov,,,,,,,MBTAYouthPass@boston.gov
02131,Boston,janai.busby2@boston.gov,samanta.miceus2@boston.gov,hilda.opara@boston.gov,natalia.areces@boston.gov,hannah.oke@boston.gov,Lindsey.Boozer@Boston.Gov,Zamyra.Cromwell@Boston.Gov,Emily.German@Boston.Gov,Marta.Mejia@Boston.Gov,,,,,,,MBTAYouthPass@boston.gov
02132,Boston,janai.busby2@boston.gov,samanta.miceus2@boston.gov,hilda.opara@boston.gov,natalia.areces@boston.gov,hannah.oke@boston.gov,Lindsey.Boozer@Boston.Gov,Zamyra.Cromwell@Boston.Gov,Emily.German@Boston.Gov,Marta.Mejia@Boston.Gov,,,,,,,MBTAYouthPass@boston.gov
02133,Boston,janai.busby2@boston.gov,samanta.miceus2@boston.gov,hilda.opara@boston.gov,natalia.areces@boston.gov,hannah.oke@boston.gov,Lindsey.Boozer@Boston.Gov,Zamyra.Cromwell@Boston.Gov,Emily.German@Boston.Gov,Marta.Mejia@Boston.Gov,,,,,,,MBTAYouthPass@boston.gov
02134,Boston,janai.busby2@boston.gov,samanta.miceus2@boston.gov,hilda.opara@boston.gov,natalia.areces@boston.gov,hannah.oke@boston.gov,Lindsey.Boozer@Boston.Gov,Zamyra.Cromwell@Boston.Gov,Emily.German@Boston.Gov,Marta.Mejia@Boston.Gov,,,,,,,MBTAYouthPass@boston.gov
02135,Boston,janai.busby2@boston.gov,samanta.miceus2@boston.gov,hilda.opara@boston.gov,natalia.areces@boston.gov,hannah.oke@boston.gov,Lindsey.Boozer@Boston.Gov,Zamyra.Cromwell@Boston.Gov,Emily.German@Boston.Gov,Marta.Mejia@Boston.Gov,,,,,,,MBTAYouthPass@boston.gov
02136,Boston,janai.busby2@boston.gov,samanta.miceus2@boston.gov,hilda.opara@boston.gov,natalia.areces@boston.gov,hannah.oke@boston.gov,Lindsey.Boozer@Boston.Gov,Zamyra.Cromwell@Boston.Gov,Emily.German@Boston.Gov,Marta.Mejia@Boston.Gov,,,,,,,MBTAYouthPass@boston.gov
02137,Boston,janai.busby2@boston.gov,samanta.miceus2@boston.gov,hilda.opara@boston.gov,natalia.areces@boston.gov,hannah.oke@boston.gov,Lindsey.Boozer@Boston.Gov,Zamyra.Cromwell@Boston.Gov,Emily.German@Boston.Gov,Marta.Mejia@Boston.Gov,,,,,,,MBTAYouthPass@boston.gov
02163,Boston,janai.busby2@boston.gov,samanta.miceus2@boston.gov,hilda.opara@boston.gov,natalia.areces@boston.gov,hannah.oke@boston.gov,Lindsey.Boozer@Boston.Gov,Zamyra.Cromwell@Boston.Gov,Emily.German@Boston.Gov,Marta.Mejia@Boston.Gov,,,,,,,MBTAYouthPass@boston.gov
02196,Boston,janai.busby2@boston.gov,samanta.miceus2@boston.gov,hilda.opara@boston.gov,natalia.areces@boston.gov,hannah.oke@boston.gov,Lindsey.Boozer@Boston.Gov,Zamyra.Cromwell@Boston.Gov,Emily.German@Boston.Gov,Marta.Mejia@Boston.Gov,,,,,,,MBTAYouthPass@boston.gov
02199,Boston,janai.busby2@boston.gov,samanta.miceus2@boston.gov,hilda.opara@boston.gov,natalia.areces@boston.gov,hannah.oke@boston.gov,Lindsey.Boozer@Boston.Gov,Zamyra.Cromwell@Boston.Gov,Emily.German@Boston.Gov,Marta.Mejia@Boston.Gov,,,,,,,MBTAYouthPass@boston.gov
02201,Boston,janai.busby2@boston.gov,samanta.miceus2@boston.gov,hilda.opara@boston.gov,natalia.areces@boston.gov,hannah.oke@boston.gov,Lindsey.Boozer@Boston.Gov,Zamyra.Cromwell@Boston.Gov,Emily.German@Boston.Gov,Marta.Mejia@Boston.Gov,,,,,,,MBTAYouthPass@boston.gov
02203,Boston,janai.busby2@boston.gov,samanta.miceus2@boston.gov,hilda.opara@boston.gov,natalia.areces@boston.gov,hannah.oke@boston.gov,Lindsey.Boozer@Boston.Gov,Zamyra.Cromwell@Boston.Gov,Emily.German@Boston.Gov,Marta.Mejia@Boston.Gov,,,,,,,MBTAYouthPass@boston.gov
02204,Boston,janai.busby2@boston.gov,samanta.miceus2@boston.gov,hilda.opara@boston.gov,natalia.areces@boston.gov,hannah.oke@boston.gov,Lindsey.Boozer@Boston.Gov,Zamyra.Cromwell@Boston.Gov,Emily.German@Boston.Gov,Marta.Mejia@Boston.Gov,,,,,,,MBTAYouthPass@boston.gov
02205,Boston,janai.busby2@boston.gov,samanta.miceus2@boston.gov,hilda.opara@boston.gov,natalia.areces@boston.gov,hannah.oke@boston.gov,Lindsey.Boozer@Boston.Gov,Zamyra.Cromwell@Boston.Gov,Emily.German@Boston.Gov,Marta.Mejia@Boston.Gov,,,,,,,MBTAYouthPass@boston.gov
02206,Boston,janai.busby2@boston.gov,samanta.miceus2@boston.gov,hilda.opara@boston.gov,natalia.areces@boston.gov,hannah.oke@boston.gov,Lindsey.Boozer@Boston.Gov,Zamyra.Cromwell@Boston.Gov,Emily.German@Boston.Gov,Marta.Mejia@Boston.Gov,,,,,,,MBTAYouthPass@boston.gov
02210,Boston,janai.busby2@boston.gov,samanta.miceus2@boston.gov,hilda.opara@boston.gov,natalia.areces@boston.gov,hannah.oke@boston.gov,Lindsey.Boozer@Boston.Gov,Zamyra.Cromwell@Boston.Gov,Emily.German@Boston.Gov,Marta.Mejia@Boston.Gov,,,,,,,MBTAYouthPass@boston.gov
02211,Boston,janai.busby2@boston.gov,samanta.miceus2@boston.gov,hilda.opara@boston.gov,natalia.areces@boston.gov,hannah.oke@boston.gov,Lindsey.Boozer@Boston.Gov,Zamyra.Cromwell@Boston.Gov,Emily.German@Boston.Gov,Marta.Mejia@Boston.Gov,,,,,,,MBTAYouthPass@boston.gov
02212,Boston,janai.busby2@boston.gov,samanta.miceus2@boston.gov,hilda.opara@boston.gov,natalia.areces@boston.gov,hannah.oke@boston.gov,Lindsey.Boozer@Boston.Gov,Zamyra.Cromwell@Boston.Gov,Emily.German@Boston.Gov,Marta.Mejia@Boston.Gov,,,,,,,MBTAYouthPass@boston.gov
02215,Boston,janai.busby2@boston.gov,samanta.miceus2@boston.gov,hilda.opara@boston.gov,natalia.areces@boston.gov,hannah.oke@boston.gov,Lindsey.Boozer@Boston.Gov,Zamyra.Cromwell@Boston.Gov,Emily.German@Boston.Gov,Marta.Mejia@Boston.Gov,,,,,,,MBTAYouthPass@boston.gov
02217,Boston,janai.busby2@boston.gov,samanta.miceus2@boston.gov,hilda.opara@boston.gov,natalia.areces@boston.gov,hannah.oke@boston.gov,Lindsey.Boozer@Boston.Gov,Zamyra.Cromwell@Boston.Gov,Emily.German@Boston.Gov,Marta.Mejia@Boston.Gov,,,,,,,MBTAYouthPass@boston.gov
02222,Boston,janai.busby2@boston.gov,samanta.miceus2@boston.gov,hilda.opara@boston.gov,natalia.areces@boston.gov,hannah.oke@boston.gov,Lindsey.Boozer@Boston.Gov,Zamyra.Cromwell@Boston.Gov,Emily.German@Boston.Gov,Marta.Mejia@Boston.Gov,,,,,,,MBTAYouthPass@boston.gov
02241,Boston,janai.busby2@boston.gov,samanta.miceus2@boston.gov,hilda.opara@boston.gov,natalia.areces@boston.gov,hannah.oke@boston.gov,Lindsey.Boozer@Boston.Gov,Zamyra.Cromwell@Boston.Gov,Emily.German@Boston.Gov,Marta.Mejia@Boston.Gov,,,,,,,MBTAYouthPass@boston.gov
02283,Boston,janai.busby2@boston.gov,samanta.miceus2@boston.gov,hilda.opara@boston.gov,natalia.areces@boston.gov,hannah.oke@boston.gov,Lindsey.Boozer@Boston.Gov,Zamyra.Cromwell@Boston.Gov,Emily.German@Boston.Gov,Marta.Mejia@Boston.Gov,,,,,,,MBTAYouthPass@boston.gov
02284,Boston,janai.busby2@boston.gov,samanta.miceus2@boston.gov,hilda.opara@boston.gov,natalia.areces@boston.gov,hannah.oke@boston.gov,Lindsey.Boozer@Boston.Gov,Zamyra.Cromwell@Boston.Gov,Emily.German@Boston.Gov,Marta.Mejia@Boston.Gov,,,,,,,MBTAYouthPass@boston.gov
02293,Boston,janai.busby2@boston.gov,samanta.miceus2@boston.gov,hilda.opara@boston.gov,natalia.areces@boston.gov,hannah.oke@boston.gov,Lindsey.Boozer@Boston.Gov,Zamyra.Cromwell@Boston.Gov,Emily.German@Boston.Gov,Marta.Mejia@Boston.Gov,,,,,,,MBTAYouthPass@boston.gov
02297,Boston,janai.busby2@boston.gov,samanta.miceus2@boston.gov,hilda.opara@boston.gov,natalia.areces@boston.gov,hannah.oke@boston.gov,Lindsey.Boozer@Boston.Gov,Zamyra.Cromwell@Boston.Gov,Emily.German@Boston.Gov,Marta.Mejia@Boston.Gov,,,,,,,MBTAYouthPass@boston.gov
02298,Boston,janai.busby2@boston.gov,samanta.miceus2@boston.gov,hilda.opara@boston.gov,natalia.areces@boston.gov,hannah.oke@boston.gov,Lindsey.Boozer@Boston.Gov,Zamyra.Cromwell@Boston.Gov,Emily.German@Boston.Gov,Marta.Mejia@Boston.Gov,,,,,,,MBTAYouthPass@boston.gov
02467,Boston,janai.busby2@boston.gov,samanta.miceus2@boston.gov,hilda.opara@boston.gov,natalia.areces@boston.gov,hannah.oke@boston.gov,Lindsey.Boozer@Boston.Gov,Zamyra.Cromwell@Boston.Gov,Emily.German@Boston.Gov,Marta.Mejia@Boston.Gov,,,,,,,MBTAYouthPass@boston.gov
02072,Brockton,navigator@ridebat.com,kforrester@ridebat.com,,,,,,,,,,,,,,Info@ridebat.com
02301,Brockton,navigator@ridebat.com,kforrester@ridebat.com,,,,,,,,,,,,,,Info@ridebat.com
02302,Brockton,navigator@ridebat.com,kforrester@ridebat.com,,,,,,,,,,,,,,Info@ridebat.com
02303,Brockton,navigator@ridebat.com,kforrester@ridebat.com,,,,,,,,,,,,,,Info@ridebat.com
02304,Brockton,navigator@ridebat.com,kforrester@ridebat.com,,,,,,,,,,,,,,Info@ridebat.com
02305,Brockton,navigator@ridebat.com,kforrester@ridebat.com,,,,,,,,,,,,,,Info@ridebat.com
02351,Brockton,navigator@ridebat.com,kforrester@ridebat.com,,,,,,,,,,,,,,Info@ridebat.com
02322,Brockton,navigator@ridebat.com,kforrester@ridebat.com,,,,,,,,,,,,,,Info@ridebat.com
02324,Brockton,navigator@ridebat.com,kforrester@ridebat.com,,,,,,,,,,,,,,Info@ridebat.com
02325,Brockton,navigator@ridebat.com,kforrester@ridebat.com,,,,,,,,,,,,,,Info@ridebat.com
02333,Brockton,navigator@ridebat.com,kforrester@ridebat.com,,,,,,,,,,,,,,Info@ridebat.com
02334,Brockton,navigator@ridebat.com,kforrester@ridebat.com,,,,,,,,,,,,,,Info@ridebat.com
02341,Brockton,navigator@ridebat.com,kforrester@ridebat.com,,,,,,,,,,,,,,Info@ridebat.com
02370,Brockton,navigator@ridebat.com,kforrester@ridebat.com,,,,,,,,,,,,,,Info@ridebat.com
02379,Brockton,navigator@ridebat.com,kforrester@ridebat.com,,,,,,,,,,,,,,Info@ridebat.com
02382,Brockton,navigator@ridebat.com,kforrester@ridebat.com,,,,,,,,,,,,,,Info@ridebat.com
02445,Brookline,hmansfield@brooklinema.gov,janderson2@brooklinema.gov,dmartin@brooklinema.gov,,,,,,,,,,,,,mbtayouthpass@brooklinema.gov
02446,Brookline,hmansfield@brooklinema.gov,janderson2@brooklinema.gov,dmartin@brooklinema.gov,,,,,,,,,,,,,mbtayouthpass@brooklinema.gov
02447,Brookline,hmansfield@brooklinema.gov,janderson2@brooklinema.gov,dmartin@brooklinema.gov,,,,,,,,,,,,,mbtayouthpass@brooklinema.gov
02138,Cambridge,smintz@cambridgema.gov,gkotowski@cambridgema.gov,jking@cambridgema.gov,,,,,,,,,,,,,tpass@cambridgema.gov
02139,Cambridge,smintz@cambridgema.gov,gkotowski@cambridgema.gov,jking@cambridgema.gov,,,,,,,,,,,,,tpass@cambridgema.gov
02140,Cambridge,smintz@cambridgema.gov,gkotowski@cambridgema.gov,jking@cambridgema.gov,,,,,,,,,,,,,tpass@cambridgema.gov
02141,Cambridge,smintz@cambridgema.gov,gkotowski@cambridgema.gov,jking@cambridgema.gov,,,,,,,,,,,,,tpass@cambridgema.gov
02142,Cambridge,smintz@cambridgema.gov,gkotowski@cambridgema.gov,jking@cambridgema.gov,,,,,,,,,,,,,tpass@cambridgema.gov
02238,Cambridge,smintz@cambridgema.gov,gkotowski@cambridgema.gov,jking@cambridgema.gov,,,,,,,,,,,,,tpass@cambridgema.gov
02150,Chelsea,rutha@greenrootschelsea.org,camiloa@greenrootschelsea.org,,,,,,,,,,,,,,youthpass@greenrootschelsea.org
02149,Everett,andrea.romboli@ci.everett.ma.us,,,,,,,,,,,,,,,andrea.romboli@ci.everett.ma.us
01701,Framingham,troy_fernandes@waysideyouth.org,allison_parks@waysideyouth.org,Oscar_landaverde@waysideyouth.org,dionne_robinson@waysideyouth.org,,,,,,,,,,,,framinghamyouthpass@waysideyouth.org
01702,Framingham,troy_fernandes@waysideyouth.org,allison_parks@waysideyouth.org,Oscar_landaverde@waysideyouth.org,dionne_robinson@waysideyouth.org,,,,,,,,,,,,framinghamyouthpass@waysideyouth.org
02420,Lexington,Sbarrett@lexingtonma.gov,Mnovner@lexingtonma.gov,,,,,,,,,,,,,,transportation@lexingtonma.gov
02421,Lexington,Sbarrett@lexingtonma.gov,Mnovner@lexingtonma.gov,,,,,,,,,,,,,,transportation@lexingtonma.gov
02148,Malden,troc@cityofmalden.org,pfinn@cityofmalden.org,,,,,,,,,,,,,,maldenyouthpass@cityofmalden.org
02153,Medford,wpompeo@medford-ma.gov,jjohnston@medford-ma.gov,dwentzell@medford-ma.gov,,,,,,,,,,,,,collector@medford-ma.gov
02155,Medford,wpompeo@medford-ma.gov,jjohnston@medford-ma.gov,dwentzell@medford-ma.gov,,,,,,,,,,,,,collector@medford-ma.gov
02156,Medford,wpompeo@medford-ma.gov,jjohnston@medford-ma.gov,dwentzell@medford-ma.gov,,,,,,,,,,,,,collector@medford-ma.gov
02176,Melrose,mfleischman@cityofmelrose.org,sminchello@cityofmelrose.org,ebrown@cityofmelrose.org,,,,,,,,,,,,,melroseyouthpass@cityofmelrose.org
02456,Newton,dkoses@newtonma.gov,,,,,,,,,,,,,,,Newtonyouthpass@newtonma.gov
02458,Newton,dkoses@newtonma.gov,,,,,,,,,,,,,,,Newtonyouthpass@newtonma.gov
02459,Newton,dkoses@newtonma.gov,,,,,,,,,,,,,,,Newtonyouthpass@newtonma.gov
02460,Newton,dkoses@newtonma.gov,,,,,,,,,,,,,,,Newtonyouthpass@newtonma.gov
02461,Newton,dkoses@newtonma.gov,,,,,,,,,,,,,,,Newtonyouthpass@newtonma.gov
02462,Newton,dkoses@newtonma.gov,,,,,,,,,,,,,,,Newtonyouthpass@newtonma.gov
02464,Newton,dkoses@newtonma.gov,,,,,,,,,,,,,,,Newtonyouthpass@newtonma.gov
02465,Newton,dkoses@newtonma.gov,,,,,,,,,,,,,,,Newtonyouthpass@newtonma.gov
02466,Newton,dkoses@newtonma.gov,,,,,,,,,,,,,,,Newtonyouthpass@newtonma.gov
02468,Newton,dkoses@newtonma.gov,,,,,,,,,,,,,,,Newtonyouthpass@newtonma.gov
02495,Newton,dkoses@newtonma.gov,,,,,,,,,,,,,,,Newtonyouthpass@newtonma.gov
01833,North Shore,asantosa@northshore.edu,cnickles@northshore.edu,jmarsala@northshore.edu,,,,,,,,,,,,,youthpass@northshore.edu
01834,North Shore,asantosa@northshore.edu,cnickles@northshore.edu,jmarsala@northshore.edu,,,,,,,,,,,,,youthpass@northshore.edu
01860,North Shore,asantosa@northshore.edu,cnickles@northshore.edu,jmarsala@northshore.edu,,,,,,,,,,,,,youthpass@northshore.edu
01885,North Shore,asantosa@northshore.edu,cnickles@northshore.edu,jmarsala@northshore.edu,,,,,,,,,,,,,youthpass@northshore.edu
01901,North Shore,asantosa@northshore.edu,cnickles@northshore.edu,jmarsala@northshore.edu,,,,,,,,,,,,,youthpass@northshore.edu
01902,North Shore,asantosa@northshore.edu,cnickles@northshore.edu,jmarsala@northshore.edu,,,,,,,,,,,,,youthpass@northshore.edu
01903,North Shore,asantosa@northshore.edu,cnickles@northshore.edu,jmarsala@northshore.edu,,,,,,,,,,,,,youthpass@northshore.edu
01904,North Shore,asantosa@northshore.edu,cnickles@northshore.edu,jmarsala@northshore.edu,,,,,,,,,,,,,youthpass@northshore.edu
01905,North Shore,asantosa@northshore.edu,cnickles@northshore.edu,jmarsala@northshore.edu,,,,,,,,,,,,,youthpass@northshore.edu
01906,North Shore,asantosa@northshore.edu,cnickles@northshore.edu,jmarsala@northshore.edu,,,,,,,,,,,,,youthpass@northshore.edu
01907,North Shore,asantosa@northshore.edu,cnickles@northshore.edu,jmarsala@northshore.edu,,,,,,,,,,,,,youthpass@northshore.edu
01908,North Shore,asantosa@northshore.edu,cnickles@northshore.edu,jmarsala@northshore.edu,,,,,,,,,,,,,youthpass@northshore.edu
01910,North Shore,asantosa@northshore.edu,cnickles@northshore.edu,jmarsala@northshore.edu,,,,,,,,,,,,,youthpass@northshore.edu
01915,North Shore,asantosa@northshore.edu,cnickles@northshore.edu,jmarsala@northshore.edu,,,,,,,,,,,,,youthpass@northshore.edu
01921,North Shore,asantosa@northshore.edu,cnickles@northshore.edu,jmarsala@northshore.edu,,,,,,,,,,,,,youthpass@northshore.edu
01922,North Shore,asantosa@northshore.edu,cnickles@northshore.edu,jmarsala@northshore.edu,,,,,,,,,,,,,youthpass@northshore.edu
01923,North Shore,asantosa@northshore.edu,cnickles@northshore.edu,jmarsala@northshore.edu,,,,,,,,,,,,,youthpass@northshore.edu
01929,North Shore,asantosa@northshore.edu,cnickles@northshore.edu,jmarsala@northshore.edu,,,,,,,,,,,,,youthpass@northshore.edu
01930,North Shore,asantosa@northshore.edu,cnickles@northshore.edu,jmarsala@northshore.edu,,,,,,,,,,,,,youthpass@northshore.edu
01931,North Shore,asantosa@northshore.edu,cnickles@northshore.edu,jmarsala@northshore.edu,,,,,,,,,,,,,youthpass@northshore.edu
01936,North Shore,asantosa@northshore.edu,cnickles@northshore.edu,jmarsala@northshore.edu,,,,,,,,,,,,,youthpass@northshore.edu
01938,North Shore,asantosa@northshore.edu,cnickles@northshore.edu,jmarsala@northshore.edu,,,,,,,,,,,,,youthpass@northshore.edu
01940,North Shore,asantosa@northshore.edu,cnickles@northshore.edu,jmarsala@northshore.edu,,,,,,,,,,,,,youthpass@northshore.edu
01944,North Shore,asantosa@northshore.edu,cnickles@northshore.edu,jmarsala@northshore.edu,,,,,,,,,,,,,youthpass@northshore.edu
01945,North Shore,asantosa@northshore.edu,cnickles@northshore.edu,jmarsala@northshore.edu,,,,,,,,,,,,,youthpass@northshore.edu
01949,North Shore,asantosa@northshore.edu,cnickles@northshore.edu,jmarsala@northshore.edu,,,,,,,,,,,,,youthpass@northshore.edu
01950,North Shore,asantosa@northshore.edu,cnickles@northshore.edu,jmarsala@northshore.edu,,,,,,,,,,,,,youthpass@northshore.edu
01951,North Shore,asantosa@northshore.edu,cnickles@northshore.edu,jmarsala@northshore.edu,,,,,,,,,,,,,youthpass@northshore.edu
01952,North Shore,asantosa@northshore.edu,cnickles@northshore.edu,jmarsala@northshore.edu,,,,,,,,,,,,,youthpass@northshore.edu
01960,North Shore,asantosa@northshore.edu,cnickles@northshore.edu,jmarsala@northshore.edu,,,,,,,,,,,,,youthpass@northshore.edu
01961,North Shore,asantosa@northshore.edu,cnickles@northshore.edu,jmarsala@northshore.edu,,,,,,,,,,,,,youthpass@northshore.edu
01966,North Shore,asantosa@northshore.edu,cnickles@northshore.edu,jmarsala@northshore.edu,,,,,,,,,,,,,youthpass@northshore.edu
01969,North Shore,asantosa@northshore.edu,cnickles@northshore.edu,jmarsala@northshore.edu,,,,,,,,,,,,,youthpass@northshore.edu
01970,North Shore,asantosa@northshore.edu,cnickles@northshore.edu,jmarsala@northshore.edu,,,,,,,,,,,,,youthpass@northshore.edu
01971,North Shore,asantosa@northshore.edu,cnickles@northshore.edu,jmarsala@northshore.edu,,,,,,,,,,,,,youthpass@northshore.edu
01983,North Shore,asantosa@northshore.edu,cnickles@northshore.edu,jmarsala@northshore.edu,,,,,,,,,,,,,youthpass@northshore.edu
01984,North Shore,asantosa@northshore.edu,cnickles@northshore.edu,jmarsala@northshore.edu,,,,,,,,,,,,,youthpass@northshore.edu
01985,North Shore,asantosa@northshore.edu,cnickles@northshore.edu,jmarsala@northshore.edu,,,,,,,,,,,,,youthpass@northshore.edu
02169,Quincy,tina@quincyasianresources.org,helenxm@quincyasianresources.org,,,,,,,,,,,,,,frontdesk@quincyasianresources.org
02170,Quincy,tina@quincyasianresources.org,helenxm@quincyasianresources.org,,,,,,,,,,,,,,frontdesk@quincyasianresources.org
02171,Quincy,tina@quincyasianresources.org,helenxm@quincyasianresources.org,,,,,,,,,,,,,,frontdesk@quincyasianresources.org
02269,Quincy,tina@quincyasianresources.org,helenxm@quincyasianresources.org,,,,,,,,,,,,,,frontdesk@quincyasianresources.org
01867,Reading,fmaltez@ci.reading.ma.us,jlaverde@ci.reading.ma.us,csaunders@ci.reading.ma.us,,,,,,,,,,,,,fmaltez@ci.reading.ma.us
02151,Revere,rcroghan@noblenet.org,,,,,,,,,,,,,,,revereyouthpass@gmail.com
02143,Somerville,NBacci@somervillema.gov,chaley@somervillema.gov,dharris@somervillema.gov,,,,,,,,,,,,,youthpass@somervillema.gov
02144,Somerville,NBacci@somervillema.gov,chaley@somervillema.gov,dharris@somervillema.gov,,,,,,,,,,,,,youthpass@somervillema.gov
02145,Somerville,NBacci@somervillema.gov,chaley@somervillema.gov,dharris@somervillema.gov,,,,,,,,,,,,,youthpass@somervillema.gov
01880,Wakefield,sdalton@wakefield.ma.us,smaio@wakefield.ma.us,,,,,,,,,,,,,,MBTAYouthPass@wakefield.ma.us
02471,Watertown,Sophia_Suarez-Friedman@WaysideYouth.org,Maysa_Ramos@WaysideYouth.org,,,,,,,,,,,,,,Maysa_Ramos@WaysideYouth.org
02472,Watertown,Sophia_Suarez-Friedman@WaysideYouth.org,Maysa_Ramos@WaysideYouth.org,,,,,,,,,,,,,,Maysa_Ramos@WaysideYouth.org
02477,Watertown,Sophia_Suarez-Friedman@WaysideYouth.org,Maysa_Ramos@WaysideYouth.org,,,,,,,,,,,,,,Maysa_Ramos@WaysideYouth.org
02152,Winthrop,rrepucci@town.winthrop.ma.us,mhurley@town.winthrop.ma.us,zmurray@town.winthrop.ma.us,,,,,,,,,,,,,youthpass@town.winthrop.ma.us
01601,Worcester,castro-corazzinir@worcesterma.gov,abreuj@worcesterma.gov,frenchl@worcesterma.gov,,,,,,,,,,,,,youth@worcesterma.gov
01602,Worcester,castro-corazzinir@worcesterma.gov,abreuj@worcesterma.gov,frenchl@worcesterma.gov,,,,,,,,,,,,,youth@worcesterma.gov
01603,Worcester,castro-corazzinir@worcesterma.gov,abreuj@worcesterma.gov,frenchl@worcesterma.gov,,,,,,,,,,,,,youth@worcesterma.gov
01604,Worcester,castro-corazzinir@worcesterma.gov,abreuj@worcesterma.gov,frenchl@worcesterma.gov,,,,,,,,,,,,,youth@worcesterma.gov
01605,Worcester,castro-corazzinir@worcesterma.gov,abreuj@worcesterma.gov,frenchl@worcesterma.gov,,,,,,,,,,,,,youth@worcesterma.gov
01606,Worcester,castro-corazzinir@worcesterma.gov,abreuj@worcesterma.gov,frenchl@worcesterma.gov,,,,,,,,,,,,,youth@worcesterma.gov
01607,Worcester,castro-corazzinir@worcesterma.gov,abreuj@worcesterma.gov,frenchl@worcesterma.gov,,,,,,,,,,,,,youth@worcesterma.gov
01608,Worcester,castro-corazzinir@worcesterma.gov,abreuj@worcesterma.gov,frenchl@worcesterma.gov,,,,,,,,,,,,,youth@worcesterma.gov
01609,Worcester,castro-corazzinir@worcesterma.gov,abreuj@worcesterma.gov,frenchl@worcesterma.gov,,,,,,,,,,,,,youth@worcesterma.gov
01610,Worcester,castro-corazzinir@worcesterma.gov,abreuj@worcesterma.gov,frenchl@worcesterma.gov,,,,,,,,,,,,,youth@worcesterma.gov
99999,Testing,testadmin1@example.com,,,,,,,,,,,,,,,notificationemail@example.com
