Zip,Municipality,Group Admin One,Group Admin Two,Group Admin Three,Group Admin Four,Group Admin Five,Group Admin Notification Email
02474,Arlington,sbarlingtontest@mbta.com,klarlingtontest@mbta.com,noarlingtontest@mbta.com,,,sbarlingtontest@mbta.com
02475,Arlington,sbarlingtontest@mbta.com,klarlingtontest@mbta.com,noarlingtontest@mbta.com,,,sbarlingtontest@mbta.com
02476,Arlington,sbarlingtontest@mbta.com,klarlingtontest@mbta.com,noarlingtontest@mbta.com,,,sbarlingtontest@mbta.com
02108,Boston,dbbostontest@mbta.com,crbostontest@mbta.com,jkabostontest@mbta.com,ajbostontest@mbta.com,,dbbostontest@mbta.com
02109,Boston,dbbostontest@mbta.com,crbostontest@mbta.com,jkabostontest@mbta.com,ajbostontest@mbta.com,,dbbostontest@mbta.com
02110,Boston,dbbostontest@mbta.com,crbostontest@mbta.com,jkabostontest@mbta.com,ajbostontest@mbta.com,,dbbostontest@mbta.com
02111,Boston,dbbostontest@mbta.com,crbostontest@mbta.com,jkabostontest@mbta.com,ajbostontest@mbta.com,,dbbostontest@mbta.com
02112,Boston,dbbostontest@mbta.com,crbostontest@mbta.com,jkabostontest@mbta.com,ajbostontest@mbta.com,,dbbostontest@mbta.com
02113,Boston,dbbostontest@mbta.com,crbostontest@mbta.com,jkabostontest@mbta.com,ajbostontest@mbta.com,,dbbostontest@mbta.com
02114,Boston,dbbostontest@mbta.com,crbostontest@mbta.com,jkabostontest@mbta.com,ajbostontest@mbta.com,,dbbostontest@mbta.com
02115,Boston,dbbostontest@mbta.com,crbostontest@mbta.com,jkabostontest@mbta.com,ajbostontest@mbta.com,,dbbostontest@mbta.com
02116,Boston,dbbostontest@mbta.com,crbostontest@mbta.com,jkabostontest@mbta.com,ajbostontest@mbta.com,,dbbostontest@mbta.com
02117,Boston,dbbostontest@mbta.com,crbostontest@mbta.com,jkabostontest@mbta.com,ajbostontest@mbta.com,,dbbostontest@mbta.com
02118,Boston,dbbostontest@mbta.com,crbostontest@mbta.com,jkabostontest@mbta.com,ajbostontest@mbta.com,,dbbostontest@mbta.com
02119,Boston,dbbostontest@mbta.com,crbostontest@mbta.com,jkabostontest@mbta.com,ajbostontest@mbta.com,,dbbostontest@mbta.com
02120,Boston,dbbostontest@mbta.com,crbostontest@mbta.com,jkabostontest@mbta.com,ajbostontest@mbta.com,,dbbostontest@mbta.com
02121,Boston,dbbostontest@mbta.com,crbostontest@mbta.com,jkabostontest@mbta.com,ajbostontest@mbta.com,,dbbostontest@mbta.com
02122,Boston,dbbostontest@mbta.com,crbostontest@mbta.com,jkabostontest@mbta.com,ajbostontest@mbta.com,,dbbostontest@mbta.com
02123,Boston,dbbostontest@mbta.com,crbostontest@mbta.com,jkabostontest@mbta.com,ajbostontest@mbta.com,,dbbostontest@mbta.com
02124,Boston,dbbostontest@mbta.com,crbostontest@mbta.com,jkabostontest@mbta.com,ajbostontest@mbta.com,,dbbostontest@mbta.com
02125,Boston,dbbostontest@mbta.com,crbostontest@mbta.com,jkabostontest@mbta.com,ajbostontest@mbta.com,,dbbostontest@mbta.com
02126,Boston,dbbostontest@mbta.com,crbostontest@mbta.com,jkabostontest@mbta.com,ajbostontest@mbta.com,,dbbostontest@mbta.com
02127,Boston,dbbostontest@mbta.com,crbostontest@mbta.com,jkabostontest@mbta.com,ajbostontest@mbta.com,,dbbostontest@mbta.com
02128,Boston,dbbostontest@mbta.com,crbostontest@mbta.com,jkabostontest@mbta.com,ajbostontest@mbta.com,,dbbostontest@mbta.com
02129,Boston,dbbostontest@mbta.com,crbostontest@mbta.com,jkabostontest@mbta.com,ajbostontest@mbta.com,,dbbostontest@mbta.com
02130,Boston,dbbostontest@mbta.com,crbostontest@mbta.com,jkabostontest@mbta.com,ajbostontest@mbta.com,,dbbostontest@mbta.com
02131,Boston,dbbostontest@mbta.com,crbostontest@mbta.com,jkabostontest@mbta.com,ajbostontest@mbta.com,,dbbostontest@mbta.com
02132,Boston,dbbostontest@mbta.com,crbostontest@mbta.com,jkabostontest@mbta.com,ajbostontest@mbta.com,,dbbostontest@mbta.com
02133,Boston,dbbostontest@mbta.com,crbostontest@mbta.com,jkabostontest@mbta.com,ajbostontest@mbta.com,,dbbostontest@mbta.com
02134,Boston,dbbostontest@mbta.com,crbostontest@mbta.com,jkabostontest@mbta.com,ajbostontest@mbta.com,,dbbostontest@mbta.com
02135,Boston,dbbostontest@mbta.com,crbostontest@mbta.com,jkabostontest@mbta.com,ajbostontest@mbta.com,,dbbostontest@mbta.com
02136,Boston,dbbostontest@mbta.com,crbostontest@mbta.com,jkabostontest@mbta.com,ajbostontest@mbta.com,,dbbostontest@mbta.com
02137,Boston,dbbostontest@mbta.com,crbostontest@mbta.com,jkabostontest@mbta.com,ajbostontest@mbta.com,,dbbostontest@mbta.com
02163,Boston,dbbostontest@mbta.com,crbostontest@mbta.com,jkabostontest@mbta.com,ajbostontest@mbta.com,,dbbostontest@mbta.com
02196,Boston,dbbostontest@mbta.com,crbostontest@mbta.com,jkabostontest@mbta.com,ajbostontest@mbta.com,,dbbostontest@mbta.com
02199,Boston,dbbostontest@mbta.com,crbostontest@mbta.com,jkabostontest@mbta.com,ajbostontest@mbta.com,,dbbostontest@mbta.com
02201,Boston,dbbostontest@mbta.com,crbostontest@mbta.com,jkabostontest@mbta.com,ajbostontest@mbta.com,,dbbostontest@mbta.com
02203,Boston,dbbostontest@mbta.com,crbostontest@mbta.com,jkabostontest@mbta.com,ajbostontest@mbta.com,,dbbostontest@mbta.com
02204,Boston,dbbostontest@mbta.com,crbostontest@mbta.com,jkabostontest@mbta.com,ajbostontest@mbta.com,,dbbostontest@mbta.com
02205,Boston,dbbostontest@mbta.com,crbostontest@mbta.com,jkabostontest@mbta.com,ajbostontest@mbta.com,,dbbostontest@mbta.com
02206,Boston,dbbostontest@mbta.com,crbostontest@mbta.com,jkabostontest@mbta.com,ajbostontest@mbta.com,,dbbostontest@mbta.com
02210,Boston,dbbostontest@mbta.com,crbostontest@mbta.com,jkabostontest@mbta.com,ajbostontest@mbta.com,,dbbostontest@mbta.com
02211,Boston,dbbostontest@mbta.com,crbostontest@mbta.com,jkabostontest@mbta.com,ajbostontest@mbta.com,,dbbostontest@mbta.com
02212,Boston,dbbostontest@mbta.com,crbostontest@mbta.com,jkabostontest@mbta.com,ajbostontest@mbta.com,,dbbostontest@mbta.com
02215,Boston,dbbostontest@mbta.com,crbostontest@mbta.com,jkabostontest@mbta.com,ajbostontest@mbta.com,,dbbostontest@mbta.com
02217,Boston,dbbostontest@mbta.com,crbostontest@mbta.com,jkabostontest@mbta.com,ajbostontest@mbta.com,,dbbostontest@mbta.com
02222,Boston,dbbostontest@mbta.com,crbostontest@mbta.com,jkabostontest@mbta.com,ajbostontest@mbta.com,,dbbostontest@mbta.com
02241,Boston,dbbostontest@mbta.com,crbostontest@mbta.com,jkabostontest@mbta.com,ajbostontest@mbta.com,,dbbostontest@mbta.com
02283,Boston,dbbostontest@mbta.com,crbostontest@mbta.com,jkabostontest@mbta.com,ajbostontest@mbta.com,,dbbostontest@mbta.com
02284,Boston,dbbostontest@mbta.com,crbostontest@mbta.com,jkabostontest@mbta.com,ajbostontest@mbta.com,,dbbostontest@mbta.com
02293,Boston,dbbostontest@mbta.com,crbostontest@mbta.com,jkabostontest@mbta.com,ajbostontest@mbta.com,,dbbostontest@mbta.com
02297,Boston,dbbostontest@mbta.com,crbostontest@mbta.com,jkabostontest@mbta.com,ajbostontest@mbta.com,,dbbostontest@mbta.com
02298,Boston,dbbostontest@mbta.com,crbostontest@mbta.com,jkabostontest@mbta.com,ajbostontest@mbta.com,,dbbostontest@mbta.com
02445,Brookline,rgbrooklinetest@mbta.com,tkbrooklinetest@mbta.com,,,,rgbrooklinetest@mbta.com
02446,Brookline,rgbrooklinetest@mbta.com,tkbrooklinetest@mbta.com,,,,rgbrooklinetest@mbta.com
02447,Brookline,rgbrooklinetest@mbta.com,tkbrooklinetest@mbta.com,,,,rgbrooklinetest@mbta.com
02138,Cambridge,smcambridgetest@mbta.com,gkcambridgetest@mbta.com,,,,smcambridgetest@mbta.com
02139,Cambridge,smcambridgetest@mbta.com,gkcambridgetest@mbta.com,,,,smcambridgetest@mbta.com
02140,Cambridge,smcambridgetest@mbta.com,gkcambridgetest@mbta.com,,,,smcambridgetest@mbta.com
02141,Cambridge,smcambridgetest@mbta.com,gkcambridgetest@mbta.com,,,,smcambridgetest@mbta.com
02142,Cambridge,smcambridgetest@mbta.com,gkcambridgetest@mbta.com,,,,smcambridgetest@mbta.com
02238,Cambridge,smcambridgetest@mbta.com,gkcambridgetest@mbta.com,,,,smcambridgetest@mbta.com
02150,Chelsea,onchelseatest@mbta.com,,,,,onchelseatest@mbta.com
02149,Everett,mceveretttest@mbta.com,,,,,mceveretttest@mbta.com
02420,Lexington,sblexingtontest@mbta.com,mnlexingtontest@mbta.com,,,,sblexingtontest@mbta.com
02421,Lexington,sblexingtontest@mbta.com,mnlexingtontest@mbta.com,,,,sblexingtontest@mbta.com
02148,Malden,esmaldentest@mbta.com,,,,,esmaldentest@mbta.com
02153,Medford,wpmedfordtest@mbta.com,jjmedfordtest@mbta.com,mhmedfordtest@mbta.com,,,wpmedfordtest@mbta.com
02155,Medford,wpmedfordtest@mbta.com,jjmedfordtest@mbta.com,mhmedfordtest@mbta.com,,,wpmedfordtest@mbta.com
02156,Medford,wpmedfordtest@mbta.com,jjmedfordtest@mbta.com,mhmedfordtest@mbta.com,,,wpmedfordtest@mbta.com
01833,North Shore,aanorthshoretest@mbta.com,cnnorthshoretest@mbta.com,,,,aanorthshoretest@mbta.com
01834,North Shore,aanorthshoretest@mbta.com,cnnorthshoretest@mbta.com,,,,aanorthshoretest@mbta.com
01860,North Shore,aanorthshoretest@mbta.com,cnnorthshoretest@mbta.com,,,,aanorthshoretest@mbta.com
01885,North Shore,aanorthshoretest@mbta.com,cnnorthshoretest@mbta.com,,,,aanorthshoretest@mbta.com
01901,North Shore,aanorthshoretest@mbta.com,cnnorthshoretest@mbta.com,,,,aanorthshoretest@mbta.com
01902,North Shore,aanorthshoretest@mbta.com,cnnorthshoretest@mbta.com,,,,aanorthshoretest@mbta.com
01903,North Shore,aanorthshoretest@mbta.com,cnnorthshoretest@mbta.com,,,,aanorthshoretest@mbta.com
01904,North Shore,aanorthshoretest@mbta.com,cnnorthshoretest@mbta.com,,,,aanorthshoretest@mbta.com
01905,North Shore,aanorthshoretest@mbta.com,cnnorthshoretest@mbta.com,,,,aanorthshoretest@mbta.com
01906,North Shore,aanorthshoretest@mbta.com,cnnorthshoretest@mbta.com,,,,aanorthshoretest@mbta.com
01907,North Shore,aanorthshoretest@mbta.com,cnnorthshoretest@mbta.com,,,,aanorthshoretest@mbta.com
01908,North Shore,aanorthshoretest@mbta.com,cnnorthshoretest@mbta.com,,,,aanorthshoretest@mbta.com
01910,North Shore,aanorthshoretest@mbta.com,cnnorthshoretest@mbta.com,,,,aanorthshoretest@mbta.com
01915,North Shore,aanorthshoretest@mbta.com,cnnorthshoretest@mbta.com,,,,aanorthshoretest@mbta.com
01921,North Shore,aanorthshoretest@mbta.com,cnnorthshoretest@mbta.com,,,,aanorthshoretest@mbta.com
01922,North Shore,aanorthshoretest@mbta.com,cnnorthshoretest@mbta.com,,,,aanorthshoretest@mbta.com
01923,North Shore,aanorthshoretest@mbta.com,cnnorthshoretest@mbta.com,,,,aanorthshoretest@mbta.com
01929,North Shore,aanorthshoretest@mbta.com,cnnorthshoretest@mbta.com,,,,aanorthshoretest@mbta.com
01930,North Shore,aanorthshoretest@mbta.com,cnnorthshoretest@mbta.com,,,,aanorthshoretest@mbta.com
01931,North Shore,aanorthshoretest@mbta.com,cnnorthshoretest@mbta.com,,,,aanorthshoretest@mbta.com
01936,North Shore,aanorthshoretest@mbta.com,cnnorthshoretest@mbta.com,,,,aanorthshoretest@mbta.com
01938,North Shore,aanorthshoretest@mbta.com,cnnorthshoretest@mbta.com,,,,aanorthshoretest@mbta.com
01940,North Shore,aanorthshoretest@mbta.com,cnnorthshoretest@mbta.com,,,,aanorthshoretest@mbta.com
01944,North Shore,aanorthshoretest@mbta.com,cnnorthshoretest@mbta.com,,,,aanorthshoretest@mbta.com
01945,North Shore,aanorthshoretest@mbta.com,cnnorthshoretest@mbta.com,,,,aanorthshoretest@mbta.com
01949,North Shore,aanorthshoretest@mbta.com,cnnorthshoretest@mbta.com,,,,aanorthshoretest@mbta.com
01950,North Shore,aanorthshoretest@mbta.com,cnnorthshoretest@mbta.com,,,,aanorthshoretest@mbta.com
01951,North Shore,aanorthshoretest@mbta.com,cnnorthshoretest@mbta.com,,,,aanorthshoretest@mbta.com
01952,North Shore,aanorthshoretest@mbta.com,cnnorthshoretest@mbta.com,,,,aanorthshoretest@mbta.com
01960,North Shore,aanorthshoretest@mbta.com,cnnorthshoretest@mbta.com,,,,aanorthshoretest@mbta.com
01961,North Shore,aanorthshoretest@mbta.com,cnnorthshoretest@mbta.com,,,,aanorthshoretest@mbta.com
01966,North Shore,aanorthshoretest@mbta.com,cnnorthshoretest@mbta.com,,,,aanorthshoretest@mbta.com
01969,North Shore,aanorthshoretest@mbta.com,cnnorthshoretest@mbta.com,,,,aanorthshoretest@mbta.com
01970,North Shore,aanorthshoretest@mbta.com,cnnorthshoretest@mbta.com,,,,aanorthshoretest@mbta.com
01971,North Shore,aanorthshoretest@mbta.com,cnnorthshoretest@mbta.com,,,,aanorthshoretest@mbta.com
01983,North Shore,aanorthshoretest@mbta.com,cnnorthshoretest@mbta.com,,,,aanorthshoretest@mbta.com
01984,North Shore,aanorthshoretest@mbta.com,cnnorthshoretest@mbta.com,,,,aanorthshoretest@mbta.com
01985,North Shore,aanorthshoretest@mbta.com,cnnorthshoretest@mbta.com,,,,aanorthshoretest@mbta.com
02169,Quincy,thquincytest@mbta.com,wmquincytest@mbta.com,hmquincytest@mbta.com,,,thquincytest@mbta.com
02170,Quincy,thquincytest@mbta.com,wmquincytest@mbta.com,hmquincytest@mbta.com,,,thquincytest@mbta.com
02171,Quincy,thquincytest@mbta.com,wmquincytest@mbta.com,hmquincytest@mbta.com,,,thquincytest@mbta.com
02269,Quincy,thquincytest@mbta.com,wmquincytest@mbta.com,hmquincytest@mbta.com,,,thquincytest@mbta.com
02151,Revere,spreveretest@mbta.com,rcreveretest@mbta.com,,,,spreveretest@mbta.com
02143,Somerville,nbsomervilletest@mbta.com,jttsomervilletest@mbta.com,,,,nbsomervilletest@mbta.com
02144,Somerville,nbsomervilletest@mbta.com,jttsomervilletest@mbta.com,,,,nbsomervilletest@mbta.com
02145,Somerville,nbsomervilletest@mbta.com,jttsomervilletest@mbta.com,,,,nbsomervilletest@mbta.com
01880,Wakefield,sdwakefieldtest@mbta.com,smwakefieldtest@mbta.com,,,,sdwakefieldtest@mbta.com
02471,Watertown,ssfwatertowntest@mbta.com,mrwatertowntest@mbta.com,,,,ssfwatertowntest@mbta.com
02472,Watertown,ssfwatertowntest@mbta.com,mrwatertowntest@mbta.com,,,,ssfwatertowntest@mbta.com
02477,Watertown,ssfwatertowntest@mbta.com,mrwatertowntest@mbta.com,,,,ssfwatertowntest@mbta.com